,Region 3 Unweighted Centroid,Region 3 Population Weighted Centroid
0,"[34.751078666666665, 34.751078666666665]","[35.010583283890206, -97.63518756644297]"
